Friday, December 5
Testing two additional boards
Board 1, direct MUXOUT / ADCIN connection
experiment 1: Single ended sweep
neg,pos,LTC2498,inmeter, refmeter, error (uV)
2.0,1.5,0.0999645389616,+4.99825120E-01,+5.00044190E+00,35.7512633952
2.0,1.616,0.0767745360732,+3.83874870E-01,+5.00044690E+00,27.5144276897
2.0,1.732,0.0535689085722,+2.67847260E-01,+5.00044440E+00,17.8747466117
2.0,1.848,0.03037747778,+1.51888900E-01,+5.00044570E+00,10.2054910245
2.0,1.964,0.00717047229409,+3.58514880E-02,+5.00044570E+00,3.6391211343
2.0,2.08,-0.0160204775631,-8.01029420E-02,+5.00045190E+00,-5.72423858336
2.0,2.196,-0.039210171625,-1.96055890E-01,+5.00045190E+00,-10.3345857517
2.0,2.312,-0.0624158829451,-3.12090070E-01,+5.00045070E+00,-13.7306027568
2.0,2.428,-0.0856058239937,-4.28045240E-01,+5.00045450E+00,-17.6514510857
2.0,2.544,-0.108812382072,-5.44084540E-01,+5.00045820E+00,-20.6994278301
2.0,2.66,-0.132001458853,-6.60037540E-01,+5.00045450E+00,-21.8288199674
2.0,2.776,-0.155206675828,-7.76073340E-01,+5.00045450E+00,-21.2681441263
2.0,2.892,-0.178395027667,-8.92025180E-01,+5.00045700E+00,-20.7811260146
2.0,3.008,-0.20158286728,-1.00799490E+00,+5.00045820E+00,0.293348027203
2.0,3.124,-0.224786312133,-1.12402800E+00,+5.00046200E+00,6.07529649188
2.0,3.24,-0.247978177294,-1.23999130E+00,+5.00045700E+00,1.966243522
2.0,3.356,-0.271181998402,-1.35602070E+00,+5.00045950E+00,2.37084568799
2.0,3.472,-0.294370128959,-1.47197900E+00,+5.00045450E+00,12.2262382549
2.0,3.588,-0.317558886483,-1.58794110E+00,+5.00045700E+00,20.5967702844
2.0,3.704,-0.340762317553,-1.70397030E+00,+5.00045950E+00,22.5777680563
2.0,3.82,-0.363950312138,-1.81993360E+00,+5.00045820E+00,37.1143771678
2.0,3.936,-0.387152187899,-1.93596660E+00,+5.00045820E+00,51.4965895502
2.0,4.052,-0.410340294987,-2.05192500E+00,+5.00045950E+00,59.5942133477
2.0,4.168,-0.433525941893,-2.16788060E+00,+5.00045950E+00,77.697020358
2.0,4.284,-0.456727630645,-2.28391250E+00,+5.00045570E+00,93.6197374104
2.0,4.4,-0.479916255549,-2.39988180E+00,+5.00046200E+00,107.596048974
experiment 2: +/-1V sweep, VCM = 1.5V
neg,pos,LTC2498,inmeter, refmeter, error (uV)
1.0,2.0,-0.200008334965,-1.00003810E+00,+5.00046200E+00,-83.9781204269
1.04,1.96,-0.184001034126,-9.19992090E-01,+5.00046200E+00,-87.0489955749
1.08,1.92,-0.168013479933,-8.40054600E-01,+5.00045450E+00,-79.0809543152
1.12,1.88,-0.152023398504,-7.60106130E-01,+5.00046450E+00,-72.3559383093
1.16,1.84,-0.136001453176,-6.79995920E-01,+5.00046200E+00,-66.0184289796
1.2,1.8,-0.120009147748,-6.00036910E-01,+5.00046330E+00,-57.2283974907
1.24,1.76,-0.104018942639,-5.20087210E-01,+5.00046450E+00,-49.578827877
1.28,1.72,-0.0880296971649,-4.40142920E-01,+5.00046330E+00,-41.0681767213
1.32,1.68,-0.0720129303634,-3.60060610E-01,+5.00046330E+00,-33.0846117659
1.36,1.64,-0.0560195434839,-2.80094670E-01,+5.00046830E+00,-25.9201798485
1.4,1.6,-0.0400301609188,-2.00148730E-01,+5.00046200E+00,-18.1667082814
1.44,1.56,-0.0240101035684,-1.20049890E-01,+5.00046330E+00,-10.3111102301
1.48,1.52,-0.00801972560585,-4.00973720E-02,+5.00046580E+00,-4.51043139542
1.52,1.48,0.00797114335001,+3.98540370E-02,+5.00046330E+00,4.89450991027
1.56,1.44,0.0239625014365,+1.19813100E-01,+5.00046200E+00,9.04010161158
1.6,1.4,0.0399800289422,+1.99895780E-01,+5.00046200E+00,20.4366722178
1.64,1.36,0.0559702202678,+2.79845690E-01,+5.00046070E+00,27.8385922228
1.68,1.32,0.0719621405005,+3.59805370E-01,+5.00046950E+00,34.8009737901
1.72,1.28,0.087984848395,+4.39916760E-01,+5.00046450E+00,43.0718202602
1.76,1.24,0.103972605988,+5.19854040E-01,+5.00046700E+00,51.3067588696
1.8,1.2,0.11996448189,+5.99812320E-01,+5.00046830E+00,59.0709082272
1.84,1.16,0.135953469947,+6.79756970E-01,+5.00046950E+00,66.0526327224
1.88,1.12,0.151975374669,+7.59863720E-01,+5.00047330E+00,75.9647058096
1.92,1.08,0.167961085588,+8.39793970E-01,+5.00046830E+00,80.0363929105
1.96,1.04,0.183952492476,+9.19748240E-01,+5.00046950E+00,89.5508581036
2.0,1.0,0.1999572061,+9.99772650E-01,+5.00046450E+00,94.2631322123
experiment 3: +/-1V sweep, VCM = 2.5V
neg,pos,LTC2498,inmeter, refmeter, error (uV)
2.0,3.0,-0.199995394424,-1.00005180E+00,+5.00046700E+00,-6.57017875771
2.04,2.96,-0.183991996571,-9.20018770E-01,+5.00046450E+00,-15.6375656323
2.08,2.92,-0.16800442189,-8.40071680E-01,+5.00046950E+00,-19.2272002053
2.12,2.88,-0.152013878897,-7.60115350E-01,+5.00046700E+00,-15.9140836252
2.16,2.84,-0.135995176435,-6.80018360E-01,+5.00046830E+00,-13.0489569428
2.2,2.8,-0.120007447153,-6.00074060E-01,+5.00046700E+00,-12.0187587617
2.24,2.76,-0.104019704461,-5.20129970E-01,+5.00046700E+00,-10.8882915048
2.28,2.72,-0.0880304526538,-4.40180690E-01,+5.00046450E+00,-7.18156104812
2.32,2.68,-0.0720099125057,-3.60073450E-01,+5.00046830E+00,-5.51415155303
2.36,2.64,-0.0560215275735,-2.80125080E-01,+5.00046950E+00,-5.49866304295
2.4,2.6,-0.0400313768536,-2.00169920E-01,+5.00046200E+00,-3.056870854
2.44,2.56,-0.0240134131163,-1.20076570E-01,+5.00046450E+00,-0.209000225571
2.48,2.52,-0.00802455954254,-4.01243980E-02,+5.00046950E+00,-1.6857669759
2.52,2.48,0.00796364694834,+3.98197070E-02,+5.00046700E+00,1.76894341575
2.56,2.44,0.0239513549954,+1.19764740E-01,+5.00046950E+00,1.84304824215
2.6,2.4,0.039971056208,+1.99868230E-01,+5.00046700E+00,3.31924699959
2.64,2.36,0.055959578231,+2.79816770E-01,+5.00046580E+00,3.82953440786
2.68,2.32,0.0719483491033,+3.59764860E-01,+5.00046700E+00,6.16847143359
2.72,2.28,0.0879675146192,+4.39866150E-01,+5.00046700E+00,7.22584610713
2.76,2.24,0.103957783803,+5.19818640E-01,+5.00046450E+00,12.3299097065
2.8,2.2,0.119945409149,+5.99763950E-01,+5.00046950E+00,12.2133472471
2.84,2.16,0.135933370516,+6.79708970E-01,+5.00046950E+00,13.5472456307
2.88,2.12,0.151953110471,+7.59811740E-01,+5.00046950E+00,16.0371017907
2.92,2.08,0.167945346609,+8.39777890E-01,+5.00046950E+00,17.6166037787
2.96,2.04,0.183932326362,+9.19714830E-01,+5.00046580E+00,21.4414887818
3.0,2.0,0.199933934584,+9.99735750E-01,+5.00046830E+00,15.5558788989
experiment 4: +/-1V sweep, VCM = 4.5V
neg,pos,LTC2498,inmeter, refmeter, error (uV)
4.0,5.0,-0.199974090606,-1.00012540E+00,+5.00046700E+00,173.557580038
4.04,4.96,-0.183972003683,-9.20086700E-01,+5.00046950E+00,151.345112373
4.08,4.92,-0.167987284064,-8.40140240E-01,+5.00046950E+00,135.028945173
4.12,4.88,-0.152000400797,-7.60185030E-01,+5.00046830E+00,120.964305307
4.16,4.84,-0.135985013843,-6.80090780E-01,+5.00047080E+00,109.848193655
4.2,4.8,-0.119999661669,-6.00144740E-01,+5.00046830E+00,97.4358332134
4.24,4.76,-0.104012616351,-5.20190800E-01,+5.00047210E+00,84.8546846296
4.28,4.72,-0.0880266033113,-4.40240030E-01,+5.00047210E+00,70.737714179
4.32,4.68,-0.0720111276954,-3.60143510E-01,+5.00047210E+00,58.1957648068
4.36,4.64,-0.0560249261558,-2.80193140E-01,+5.00047460E+00,45.2813098474
4.4,4.6,-0.0400380868465,-2.00238350E-01,+5.00046950E+00,31.5201852545
4.44,4.56,-0.0240223292261,-1.20138890E-01,+5.00046950E+00,17.406734004
4.48,4.52,-0.00803495422006,-4.01822000E-02,+5.00047840E+00,4.06707857384
4.52,4.48,0.00795028209686,+3.97635990E-02,+5.00047080E+00,-8.9225427388
4.56,4.44,0.0239380192012,+1.19722480E-01,+5.00047580E+00,-22.4305761016
4.6,4.4,0.0399552077055,+1.99828090E-01,+5.00047210E+00,-35.5859468053
4.64,4.36,0.055944025889,+2.79791090E-01,+5.00047460E+00,-47.7661848972
4.68,4.32,0.0719296369702,+3.59738550E-01,+5.00047080E+00,-60.8164809036
4.72,4.28,0.0879435192794,+4.39826260E-01,+5.00047460E+00,-72.2022566139
4.76,4.24,0.103929711506,+5.19778620E-01,+5.00047210E+00,-87.2330770654
4.8,4.2,0.119916918501,+5.99732790E-01,+5.00047710E+00,-98.180200386
4.84,4.16,0.13590047881,+6.79670830E-01,+5.00047580E+00,-111.928588929
4.88,4.12,0.151917494833,+7.59773590E-01,+5.00047330E+00,-123.328392739
4.92,4.08,0.167904200777,+8.39727660E-01,+5.00047840E+00,-136.405072701
4.96,4.04,0.183890287578,+9.19679560E-01,+5.00047460E+00,-151.881272585
5.0,4.0,0.199892579764,+9.99719670E-01,+5.00047840E+00,-173.13621609
>>> 

Board 1, Common Mode Control circuit active
experiment 1: Single ended sweep
neg,pos,LTC2498,inmeter, refmeter, error (uV)
2.0,1.5,0.0499834604561,+4.99864640E-01,+5.00048840E+00,12.790332192
2.0,1.616,0.0383883751929,+3.83906530E-01,+5.00048970E+00,10.2128526614
2.0,1.732,0.0267857909203,+2.67872690E-01,+5.00049090E+00,8.30316447209
2.0,1.848,0.0151900175959,+1.51907720E-01,+5.00048840E+00,5.47074830481
2.0,1.964,0.00358617976308,+3.58633130E-02,+5.00048970E+00,1.56658939807
2.0,2.08,-0.0080094832927,-8.00982690E-02,+5.00049220E+00,-3.48731431341
2.0,2.196,-0.0196043625474,-1.96057880E-01,+5.00049090E+00,-2.64048967288
2.0,2.312,-0.0312074758112,-3.12096810E-01,+5.00048970E+00,-4.76777992175
2.0,2.428,-0.0428025089204,-4.28058580E-01,+5.00048970E+00,-3.29362942725
2.0,2.544,-0.0544063128531,-5.44102120E-01,+5.00048840E+00,-7.62379663877
2.0,2.66,-0.0660015702248,-6.60060350E-01,+5.00048970E+00,-12.0739183511
2.0,2.776,-0.0776050250977,-7.76100640E-01,+5.00048840E+00,-16.1028726434
2.0,2.892,-0.0892004515976,-8.92056100E-01,+5.00048840E+00,-24.8428190363
2.0,3.008,-0.100796281919,-1.00802980E+00,+5.00049090E+00,-19.8853014688
2.0,3.124,-0.112399699911,-1.12406420E+00,+5.00048970E+00,-29.395282797
2.0,3.24,-0.12399620302,-1.24003620E+00,+5.00048840E+00,-32.0700048766
2.0,3.356,-0.135599067062,-1.35607180E+00,+5.00048720E+00,-34.7263106999
2.0,3.472,-0.14719465822,-1.47203130E+00,+5.00048970E+00,-41.7811118587
2.0,3.588,-0.158790672198,-1.58799840E+00,+5.00048720E+00,-43.9925498432
2.0,3.704,-0.170394067466,-1.70403640E+00,+5.00048590E+00,-49.4161415683
2.0,3.82,-0.181989488006,-1.82000100E+00,+5.00048720E+00,-49.3716687937
2.0,3.936,-0.193592141196,-1.93603520E+00,+5.00048590E+00,-51.1135339456
2.0,4.052,-0.205187277868,-2.05200480E+00,+5.00048970E+00,-44.3163857748
2.0,4.168,-0.216781007871,-2.16795920E+00,+5.00048840E+00,-36.6164260708
2.0,4.284,-0.228383364901,-2.28399850E+00,+5.00048840E+00,-30.8276112464
2.0,4.4,-0.23998083584,-2.39996910E+00,+5.00049090E+00,-46.0735922525
experiment 2: +/-1V sweep, VCM = 1.5V
neg,pos,LTC2498,inmeter, refmeter, error (uV)
1.0,2.0,-0.100000657141,-1.00007050E+00,+5.00048840E+00,-21.7518589745
1.04,1.96,-0.091996730864,-9.20023880E-01,+5.00048970E+00,-22.4905212605
1.08,1.92,-0.0840029936284,-8.40082020E-01,+5.00048720E+00,-19.6883464326
1.12,1.88,-0.0760085739195,-7.60129440E-01,+5.00048970E+00,-21.6208731181
1.16,1.84,-0.0679976053536,-6.80017110E-01,+5.00049090E+00,-17.5437891734
1.2,1.8,-0.0600014775991,-6.00054240E-01,+5.00049090E+00,-12.2451915434
1.24,1.76,-0.0520067282021,-5.20101920E-01,+5.00048590E+00,-9.6612948427
1.28,1.72,-0.0440126758069,-4.40153020E-01,+5.00048840E+00,-11.4480783107
1.32,1.68,-0.0360043287277,-3.60067100E-01,+5.00049220E+00,-7.30937387167
1.36,1.64,-0.0280082218349,-2.80099030E-01,+5.00048840E+00,-7.18576091652
1.4,1.6,-0.0200136557221,-2.00148850E-01,+5.00049090E+00,-4.95496546746
1.44,1.56,-0.0120040882379,-1.20048020E-01,+5.00048840E+00,-3.14746767609
1.48,1.52,-0.00400917492807,-4.00932470E-02,+5.00048840E+00,-1.93733711287
1.52,1.48,0.0039858803153,+3.98618370E-02,+5.00048590E+00,0.361321500143
1.56,1.44,0.0119813270867,+1.19821460E-01,+5.00048840E+00,2.07645400246
1.6,1.4,0.019989740476,+1.99909370E-01,+5.00048840E+00,5.1619465441
1.64,1.36,0.0279844366014,+2.79862520E-01,+5.00048840E+00,5.82304677993
1.68,1.32,0.0359801746905,+3.59824320E-01,+5.00048460E+00,7.98123068735
1.72,1.28,0.0439912881702,+4.39937580E-01,+5.00048970E+00,13.10776277
1.76,1.24,0.0519848577678,+5.19877850E-01,+5.00048720E+00,15.1434817971
1.8,1.2,0.0599804837257,+5.99840240E-01,+5.00048840E+00,15.9884654589
1.84,1.16,0.067974730581,+6.79787510E-01,+5.00048840E+00,18.0364806608
1.88,1.12,0.0759852737188,+7.59897000E-01,+5.00049090E+00,21.2212044146
1.92,1.08,0.0839779525995,+8.39829000E-01,+5.00048970E+00,22.6965475584
1.96,1.04,0.0919732462615,+9.19786510E-01,+5.00048840E+00,24.7551853448
2.0,1.0,0.0999756149948,+9.99813910E-01,+5.00048970E+00,28.1588719293
experiment 3: +/-1V sweep, VCM = 2.5V
neg,pos,LTC2498,inmeter, refmeter, error (uV)
2.0,3.0,-0.100001434982,-1.00007800E+00,+5.00048720E+00,-21.7909310065
2.04,2.96,-0.0919990725815,-9.20046190E-01,+5.00048840E+00,-23.3605138273
2.08,2.92,-0.0840048894286,-8.40097230E-01,+5.00048840E+00,-23.6395778466
2.12,2.88,-0.0760093282908,-7.60136050E-01,+5.00048720E+00,-22.175192197
2.16,2.84,-0.0679997827858,-6.80034940E-01,+5.00049090E+00,-21.4899874763
2.2,2.8,-0.0600056167692,-6.00088140E-01,+5.00048590E+00,-19.1404102136
2.24,2.76,-0.0520114395767,-5.20142060E-01,+5.00048590E+00,-16.6390543911
2.28,2.72,-0.0440161891282,-4.40185800E-01,+5.00048460E+00,-13.4697823016
2.32,2.68,-0.0360056247562,-3.60076690E-01,+5.00048840E+00,-10.4071396407
2.36,2.64,-0.028011213243,-2.80127450E-01,+5.00048590E+00,-8.5423506625
2.4,2.6,-0.0200160890818,-2.00170290E-01,+5.00049090E+00,-7.85065876338
2.44,2.56,-0.0120064452291,-1.20071080E-01,+5.00048720E+00,-3.63058373898
2.48,2.52,-0.00401162952185,-4.01176570E-02,+5.00048840E+00,-2.07537798253
2.52,2.48,0.00398258566856,+3.98285660E-02,+5.00048970E+00,0.713315011981
2.56,2.44,0.0119772128761,+1.19776330E-01,+5.00048840E+00,6.06082289538
2.6,2.4,0.0199870470911,+1.99881570E-01,+5.00048590E+00,5.92585596082
2.64,2.36,0.0279820486903,+2.79833600E-01,+5.00048720E+00,10.7947338963
2.68,2.32,0.035976607725,+3.59783310E-01,+5.00048840E+00,13.5919659542
2.72,2.28,0.0439864844084,+4.39888340E-01,+5.00048840E+00,14.1916525369
2.76,2.24,0.0519820317626,+5.19845440E-01,+5.00048720E+00,19.2910150574
2.8,2.2,0.0599761914462,+5.99794120E-01,+5.00048840E+00,19.1819930201
2.84,2.16,0.0679704643786,+6.79737890E-01,+5.00049090E+00,25.3306491297
2.88,2.12,0.0759804286063,+7.59843650E-01,+5.00048840E+00,25.7360056961
2.92,2.08,0.0839764863253,+8.39812550E-01,+5.00048720E+00,24.0626674358
2.96,2.04,0.091970520094,+9.19754230E-01,+5.00048720E+00,29.5504485638
3.0,2.0,0.099972005561,+9.99777010E-01,+5.00049090E+00,29.2013622188
experiment 4: +/-1V sweep, VCM = 4.5V
neg,pos,LTC2498,inmeter, refmeter, error (uV)
4.0,5.0,-0.100009526685,-1.00015530E+00,+5.00048590E+00,-25.1548534718
4.04,4.96,-0.0920061104,-9.20107270E-01,+5.00048720E+00,-32.443916125
4.08,4.92,-0.0840115781873,-8.40157810E-01,+5.00048970E+00,-30.1713235586
4.12,4.88,-0.0760164249688,-7.60201490E-01,+5.00048970E+00,-28.0881133407
4.16,4.84,-0.0680067356676,-6.80102750E-01,+5.00048840E+00,-22.8747679936
4.2,4.8,-0.0600122720003,-6.00154590E-01,+5.00048590E+00,-19.2483903141
4.24,4.76,-0.052017083019,-5.20197660E-01,+5.00048840E+00,-17.7383664947
4.28,4.72,-0.0440222162753,-4.40244520E-01,+5.00048970E+00,-15.4753935055
4.32,4.68,-0.0360124636441,-3.60144510E-01,+5.00048590E+00,-10.8018183335
4.36,4.64,-0.0280180476606,-2.80192520E-01,+5.00048840E+00,-11.9624365849
4.4,4.6,-0.020022444427,-2.00234240E-01,+5.00048840E+00,-7.35947726299
4.44,4.56,-0.0120126072317,-1.20132790E-01,+5.00049090E+00,-3.63476760083
4.48,4.52,-0.00401702933013,-4.01727310E-02,+5.00048720E+00,-0.994446653489
4.52,4.48,0.00397731103003,+3.97738780E-02,+5.00048720E+00,2.63051034147
4.56,4.44,0.0119729597121,+1.19735820E-01,+5.00048590E+00,3.97567537166
4.6,4.4,0.0199835952371,+1.99844300E-01,+5.00048590E+00,8.67437576987
4.64,4.36,0.0279797717929,+2.79809540E-01,+5.00048720E+00,12.0838142135
4.68,4.32,0.0359742183238,+3.59759750E-01,+5.00048720E+00,13.1695696557
4.72,4.28,0.0439829185605,+4.39850440E-01,+5.00048840E+00,16.4301185857
4.76,4.24,0.0519777532667,+5.19802560E-01,+5.00048720E+00,19.3824004374
4.8,4.2,0.0599729724228,+5.99758960E-01,+5.00048970E+00,22.3049293528
4.84,4.16,0.0679664928466,+6.79700000E-01,+5.00048720E+00,22.9989605842
4.88,4.12,0.0759768553078,+7.59803760E-01,+5.00048840E+00,29.8899595553
4.92,4.08,0.0839720811695,+8.39760820E-01,+5.00048970E+00,32.1572012644
4.96,4.04,0.091967240721,+9.19714210E-01,+5.00048720E+00,36.7739161738
5.0,4.0,0.0999706685543,+9.99754450E-01,+5.00048840E+00,37.8902957618

Board 1, Common Mode Control circuit active, 1MHz F0
experiment 1: Single ended sweep
neg,pos,LTC2498,inmeter, refmeter, error (uV)
2.0,1.5,0.0499833390117,+4.99836470E-01,+5.00044690E+00,35.5972161423
2.0,1.616,0.0383887011558,+3.83883970E-01,+5.00044570E+00,32.6545966379
2.0,1.732,0.0267860624939,+2.67856740E-01,+5.00044570E+00,24.5477041471
2.0,1.848,0.0151894211769,+1.51896880E-01,+5.00044820E+00,9.12483271673
2.0,1.964,0.00358544737101,+3.58567090E-02,+5.00044570E+00,0.530523671667
2.0,2.08,-0.00801048912108,-8.00994780E-02,+5.00044690E+00,-11.6117259499
2.0,2.196,-0.0196062363684,-1.96055640E-01,+5.00044940E+00,-21.9930166383
2.0,2.312,-0.0312097873539,-3.12090070E-01,+5.00044690E+00,-31.9536670191
2.0,2.428,-0.0428047608584,-4.28046860E-01,+5.00044570E+00,-33.7681708366
2.0,2.544,-0.0544092807919,-5.44087030E-01,+5.00044440E+00,-47.6077681146
2.0,2.66,-0.0660050984472,-6.60041780E-01,+5.00044310E+00,-59.7775735561
2.0,2.776,-0.0776094984263,-7.76078200E-01,+5.00044690E+00,-76.838480213
2.0,2.892,-0.0892057139426,-8.92034280E-01,+5.00044690E+00,-91.8867931475
2.0,3.008,-0.10080216378,-1.00800480E+00,+5.00044570E+00,-94.5965727068
2.0,3.124,-0.112406445667,-1.12403680E+00,+5.00044820E+00,-114.929013773
2.0,3.24,-0.124003372341,-1.24000120E+00,+5.00044940E+00,-129.097212351
2.0,3.356,-0.135607132688,-1.35603570E+00,+5.00044690E+00,-140.559658466
2.0,3.472,-0.147203597426,-1.47199520E+00,+5.00044690E+00,-154.680383458
2.0,3.588,-0.158800346777,-1.58795980E+00,+5.00044690E+00,-166.547450472
2.0,3.704,-0.170404041186,-1.70399150E+00,+5.00044820E+00,-181.213523795
2.0,3.82,-0.182000749558,-1.81995480E+00,+5.00044820E+00,-194.000928246
2.0,3.936,-0.193603976816,-1.93598910E+00,+5.00044570E+00,-200.014240623
2.0,4.052,-0.205200516805,-2.05195490E+00,+5.00044570E+00,-208.559701122
2.0,4.168,-0.2167958159,-2.16790560E+00,+5.00044690E+00,-220.315566127
2.0,4.284,-0.228400197625,-2.28394360E+00,+5.00044820E+00,-235.706120093
2.0,4.4,-0.239997377247,-2.39991680E+00,+5.00044940E+00,-243.882369444
experiment 2: +/-1V sweep, VCM = 1.5V
neg,pos,LTC2498,inmeter, refmeter, error (uV)
1.0,2.0,-0.100006064773,-1.00004560E+00,+5.00045070E+00,-93.192439393
1.04,1.96,-0.0920018758625,-9.20001310E-01,+5.00044940E+00,-89.09966496
1.08,1.92,-0.0840079113841,-8.40063070E-01,+5.00044690E+00,-81.0491489753
1.12,1.88,-0.0760127015412,-7.60112360E-01,+5.00044570E+00,-73.2915994249
1.16,1.84,-0.0680017057806,-6.80001780E-01,+5.00044820E+00,-68.0743172399
1.2,1.8,-0.0600052930415,-6.00042400E-01,+5.00044690E+00,-56.962500496
1.24,1.76,-0.052010115236,-5.20090830E-01,+5.00044940E+00,-50.8278264526
1.28,1.72,-0.0440155014396,-4.40145540E-01,+5.00044690E+00,-43.5335834393
1.32,1.68,-0.0360066771507,-3.60059120E-01,+5.00044570E+00,-35.427053092
1.36,1.64,-0.0280101764947,-2.80092920E-01,+5.00044820E+00,-30.5920426945
1.4,1.6,-0.0200152747333,-2.00145240E-01,+5.00045070E+00,-23.1472635869
1.44,1.56,-0.0120049159974,-1.20046270E-01,+5.00044690E+00,-12.1793758707
1.48,1.52,-0.00400959849358,-4.00928860E-02,+5.00044440E+00,-6.18151465898
1.52,1.48,0.00398601070046,+3.98614760E-02,+5.00044570E+00,1.70581275159
1.56,1.44,0.0119820080698,+1.19820460E-01,+5.00044940E+00,8.95228271827
1.6,1.4,0.0199907541275,+1.99907000E-01,+5.00044690E+00,16.0101172581
1.64,1.36,0.0279861222953,+2.79859150E-01,+5.00045070E+00,23.9413013796
1.68,1.32,0.0359821416438,+3.59819210E-01,+5.00045190E+00,30.4092299706
1.72,1.28,0.0439933158457,+4.39930470E-01,+5.00045070E+00,37.0648229845
1.76,1.24,0.0519875641912,+5.19869500E-01,+5.00044940E+00,46.6298154866
1.8,1.2,0.059983504191,+5.99829890E-01,+5.00045190E+00,52.1669638651
1.84,1.16,0.0679781910032,+6.79774170E-01,+5.00045070E+00,60.8581730285
1.88,1.12,0.0759891178459,+7.59883660E-01,+5.00045070E+00,66.8963361016
1.92,1.08,0.0839825246483,+8.39814290E-01,+5.00044940E+00,76.3620543388
1.96,1.04,0.0919782757759,+9.19770060E-01,+5.00044690E+00,83.8705336593
2.0,1.0,0.0999811552465,+9.99795330E-01,+5.00044570E+00,93.3479144429
experiment 3: +/-1V sweep, VCM = 2.5V
neg,pos,LTC2498,inmeter, refmeter, error (uV)
2.0,3.0,-0.100007977337,-1.00006060E+00,+5.00044570E+00,-96.3195064887
2.04,2.96,-0.0920056350529,-9.20027990E-01,+5.00044820E+00,-99.7936861438
2.08,2.92,-0.0840107671916,-8.40081770E-01,+5.00045190E+00,-91.7495318183
2.12,2.88,-0.0760148819536,-7.60123210E-01,+5.00045070E+00,-85.0075452102
2.16,2.84,-0.0680048622191,-6.80024460E-01,+5.00045190E+00,-77.4643825391
2.2,2.8,-0.0600101903081,-6.00077920E-01,+5.00044820E+00,-70.5749808865
2.24,2.76,-0.0520154640079,-5.20132590E-01,+5.00045320E+00,-62.9550229633
2.28,2.72,-0.0440197642893,-4.40178200E-01,+5.00044690E+00,-53.5053789171
2.32,2.68,-0.0360083766282,-3.60070340E-01,+5.00045570E+00,-41.9232973015
2.36,2.64,-0.0280136629939,-2.80123210E-01,+5.00045070E+00,-35.3098081494
2.4,2.6,-0.0200177963823,-2.00166180E-01,+5.00044940E+00,-27.373678387
2.44,2.56,-0.0120076749474,-1.20067590E-01,+5.00045190E+00,-18.5710860049
2.48,2.52,-0.00401170440018,-4.01168340E-02,+5.00045320E+00,-3.3648048872
2.52,2.48,0.00398249849677,+3.98295130E-02,+5.00045190E+00,-1.40655110695
2.56,2.44,0.0119777597487,+1.19776950E-01,+5.00044940E+00,9.97576356314
2.6,2.4,0.0199884995818,+1.99880320E-01,+5.00044820E+00,20.19488528
2.64,2.36,0.0279837455601,+2.79829610E-01,+5.00044940E+00,29.6393352297
2.68,2.32,0.0359793510288,+3.59779570E-01,+5.00044940E+00,41.9609984651
2.72,2.28,0.0439899954945,+4.39883850E-01,+5.00044820E+00,50.2587686944
2.76,2.24,0.0519861057401,+5.19838960E-01,+5.00045070E+00,62.7193303798
2.8,2.2,0.0599805656821,+5.99784890E-01,+5.00045190E+00,67.7795707883
2.84,2.16,0.0679750505835,+6.79729540E-01,+5.00045450E+00,74.5981260749
2.88,2.12,0.0759849902242,+7.59832550E-01,+5.00044820E+00,76.3469738796
2.92,2.08,0.0839819539338,+8.39800830E-01,+5.00045450E+00,84.971070781
2.96,2.04,0.0919762741774,+9.19741010E-01,+5.00045190E+00,93.8227517547
3.0,2.0,0.0999785557389,+9.99761800E-01,+5.00045190E+00,102.120552696
experiment 4: +/-1V sweep, VCM = 4.5V
neg,pos,LTC2498,inmeter, refmeter, error (uV)
4.0,5.0,-0.100014755502,-1.00013160E+00,+5.00044940E+00,-93.8464924556
4.04,4.96,-0.0920112598687,-9.20089070E-01,+5.00045320E+00,-95.8863130245
4.08,4.92,-0.0840163499117,-8.40140110E-01,+5.00045320E+00,-89.459547854
4.12,4.88,-0.0760206270963,-7.60185660E-01,+5.00045450E+00,-80.5912112796
4.16,4.84,-0.0680105403066,-6.80087040E-01,+5.00045190E+00,-71.6697077515
4.2,4.8,-0.0600158765912,-6.00140500E-01,+5.00045320E+00,-65.4623783959
4.24,4.76,-0.0520198337734,-5.20185570E-01,+5.00045190E+00,-53.5408646015
4.28,4.72,-0.0440245661885,-4.40234170E-01,+5.00045570E+00,-46.3329096408
4.32,4.68,-0.036014642939,-3.60136280E-01,+5.00044940E+00,-38.1975855119
4.36,4.64,-0.0280191518366,-2.80183920E-01,+5.00045320E+00,-29.6326184655
4.4,4.6,-0.0200232684612,-2.00227260E-01,+5.00045320E+00,-21.1709042493
4.44,4.56,-0.0120136301965,-1.20128550E-01,+5.00045070E+00,-17.1394120721
4.48,4.52,-0.00401751659811,-4.01699270E-02,+5.00045320E+00,-8.39835483441
4.52,4.48,0.00397710055113,+3.97743640E-02,+5.00045570E+00,-0.211012838404
4.56,4.44,0.011973554641,+1.19737190E-01,+5.00045320E+00,7.77240966057
4.6,4.4,0.0199846118689,+1.99843920E-01,+5.00045320E+00,17.9145810265
4.64,4.36,0.0279814686626,+2.79807290E-01,+5.00045450E+00,29.473995234
4.68,4.32,0.0359764866531,+3.59756510E-01,+5.00045320E+00,36.6484286028
4.72,4.28,0.0439854059368,+4.39847450E-01,+5.00045450E+00,41.3138383505
4.76,4.24,0.0519807897508,+5.19798690E-01,+5.00045570E+00,50.3450855684
4.8,4.2,0.0599761836231,+5.99754350E-01,+5.00045320E+00,54.6514825572
4.84,4.16,0.0679706592113,+6.79692390E-01,+5.00045700E+00,68.1707884637
4.88,4.12,0.075981510058,+7.59798770E-01,+5.00045190E+00,75.8848663389
4.92,4.08,0.083977176249,+8.39753460E-01,+5.00045570E+00,84.7619959162
4.96,4.04,0.0919727467,+9.19707230E-01,+5.00045450E+00,92.803465627
5.0,4.0,0.0999768722802,+9.99745350E-01,+5.00045320E+00,101.994583092

Board 1, Common Mode Control circuit active, 1MHz F0, 10nF caps added
experiment 1: Single ended sweep
neg,pos,LTC2498,inmeter, refmeter, error (uV)
2.0,1.5,0.0499854717404,+4.99854420E-01,+5.00045320E+00,39.6059627929
2.0,1.616,0.038390365243,+3.83899800E-01,+5.00045450E+00,34.1424143986
2.0,1.732,0.0267869718373,+2.67871320E-01,+5.00045950E+00,19.8011507845
2.0,1.848,0.0151909481734,+1.51909340E-01,+5.00045700E+00,12.2033406897
2.0,1.964,0.00358688719571,+3.58681100E-02,+5.00045820E+00,3.61855245971
2.0,2.08,-0.00800894498825,-8.00888990E-02,+5.00045700E+00,-6.90998156061
2.0,2.196,-0.0196044612676,-1.96046160E-01,+5.00045820E+00,-14.0656602962
2.0,2.312,-0.0312076892704,-3.12081970E-01,+5.00046070E+00,-19.9325304502
2.0,2.428,-0.0428033314645,-4.28039380E-01,+5.00046200E+00,-28.3485011897
2.0,2.544,-0.0544076628983,-5.44080800E-01,+5.00045950E+00,-39.3006802158
2.0,2.66,-0.0660037387162,-6.60035300E-01,+5.00046580E+00,-55.655755923
2.0,2.776,-0.077608332783,-7.76076080E-01,+5.00046330E+00,-69.8466676657
2.0,2.892,-0.0892039343715,-8.92028420E-01,+5.00046070E+00,-82.4117034066
2.0,3.008,-0.100800319016,-1.00799860E+00,+5.00046580E+00,-86.399636301
2.0,3.124,-0.112404404208,-1.12403300E+00,+5.00046700E+00,-102.539192834
2.0,3.24,-0.124001056701,-1.23999880E+00,+5.00046700E+00,-112.703789258
2.0,3.356,-0.135604954138,-1.35603690E+00,+5.00046950E+00,-123.701745421
2.0,3.472,-0.147201065719,-1.47199390E+00,+5.00046700E+00,-136.578763394
2.0,3.588,-0.158797825873,-1.58795600E+00,+5.00046580E+00,-151.13894614
2.0,3.704,-0.170401758328,-1.70399770E+00,+5.00046580E+00,-158.181242357
2.0,3.82,-0.18199843131,-1.81995860E+00,+5.00046830E+00,-174.332895981
2.0,3.936,-0.193601956218,-1.93599030E+00,+5.00046700E+00,-186.854051729
2.0,4.052,-0.205198583007,-2.05195360E+00,+5.00046830E+00,-199.795092113
2.0,4.168,-0.21679427065,-2.16791310E+00,+5.00046830E+00,-206.640549702
2.0,4.284,-0.228398048878,-2.28394990E+00,+5.00047460E+00,-219.976249645
2.0,4.4,-0.239995502308,-2.39992170E+00,+5.00046830E+00,-229.303244304
experiment 2: +/-1V sweep, VCM = 1.5V
neg,pos,LTC2498,inmeter, refmeter, error (uV)
1.0,2.0,-0.100005032122,-1.00004810E+00,+5.00046700E+00,-83.6252527012
1.04,1.96,-0.0920009057969,-9.20001190E-01,+5.00046950E+00,-83.2166455716
1.08,1.92,-0.0840068850666,-8.40061080E-01,+5.00047080E+00,-76.7906609629
1.12,1.88,-0.0760115291923,-7.60109990E-01,+5.00047210E+00,-67.9505670906
1.16,1.84,-0.0680003602058,-6.80000160E-01,+5.00047210E+00,-59.4879021941
1.2,1.8,-0.0600040819496,-6.00039400E-01,+5.00046950E+00,-50.5627965539
1.24,1.76,-0.0520089227706,-5.20087340E-01,+5.00047330E+00,-44.8782401942
1.28,1.72,-0.0440140210092,-4.40140180E-01,+5.00047080E+00,-36.1919791966
1.32,1.68,-0.0360054735094,-3.60052260E-01,+5.00047080E+00,-32.0571647313
1.36,1.64,-0.0280087947845,-2.80087930E-01,+5.00047210E+00,-23.1026725443
1.4,1.6,-0.0200140397996,-2.00139500E-01,+5.00047330E+00,-17.4415850149
1.44,1.56,-0.0120041891932,-1.20039920E-01,+5.00047080E+00,-11.8345654559
1.48,1.52,-0.0040088146925,-4.00857960E-02,+5.00047210E+00,-5.65498695396
1.52,1.48,0.00398697592318,+3.98693750E-02,+5.00047330E+00,3.67986291779
1.56,1.44,0.0119831409305,+1.19828190E-01,+5.00047460E+00,13.1557158438
1.6,1.4,0.0199919912964,+1.99914980E-01,+5.00047330E+00,21.458328135
1.64,1.36,0.0279871582985,+2.79867250E-01,+5.00047210E+00,27.3999792345
1.68,1.32,0.0359831620008,+3.59827190E-01,+5.00047210E+00,34.0873021554
1.72,1.28,0.0439944349229,+4.39938070E-01,+5.00047330E+00,42.6449940857
1.76,1.24,0.0519881747663,+5.19879470E-01,+5.00047210E+00,45.1262766152
1.8,1.2,0.0599845055491,+5.99840740E-01,+5.00047710E+00,54.3545118556
1.84,1.16,0.067979266122,+6.79785760E-01,+5.00047580E+00,63.4327191397
1.88,1.12,0.0759902033955,+7.59894510E-01,+5.00047460E+00,70.5349684176
1.92,1.08,0.0839831735939,+8.39826010E-01,+5.00047210E+00,74.9448057685
1.96,1.04,0.091978951171,+9.19783270E-01,+5.00047210E+00,82.0506911059
2.0,1.0,0.0999818302691,+9.99807800E-01,+5.00046950E+00,92.3877391922
experiment 3: +/-1V sweep, VCM = 2.5V
neg,pos,LTC2498,inmeter, refmeter, error (uV)
2.0,3.0,-0.100006152689,-1.00006180E+00,+5.00047460E+00,-82.6519133417
2.04,2.96,-0.0920034207404,-9.20026870E-01,+5.00047080E+00,-82.9273461371
2.08,2.92,-0.0840088170022,-8.40080030E-01,+5.00047580E+00,-78.0016818174
2.12,2.88,-0.0760128911585,-7.60120840E-01,+5.00047460E+00,-71.1014108488
2.16,2.84,-0.0680029369891,-6.80020100E-01,+5.00047080E+00,-65.1410534566
2.2,2.8,-0.0600081644952,-6.00074680E-01,+5.00047210E+00,-56.4236352478
2.24,2.76,-0.0520134747028,-5.20127730E-01,+5.00047210E+00,-49.8864941332
2.28,2.72,-0.0440177507699,-4.40171590E-01,+5.00047210E+00,-42.1970948121
2.32,2.68,-0.0360066551715,-3.60063230E-01,+5.00047580E+00,-33.264818642
2.36,2.64,-0.0280117638409,-2.80116850E-01,+5.00047330E+00,-23.9429107436
2.4,2.6,-0.0200161576271,-2.00160070E-01,+5.00047330E+00,-18.0516109562
2.44,2.56,-0.0120064251125,-1.20062600E-01,+5.00046950E+00,-11.4843785262
2.48,2.52,-0.00401084944606,-4.01085610E-02,+5.00047080E+00,-3.22877152305
2.52,2.48,0.00398359410465,+3.98370520E-02,+5.00047330E+00,2.18188217985
2.56,2.44,0.011978745088,+1.19786930E-01,+5.00047460E+00,10.4536452929
2.6,2.4,0.0199891943485,+1.99889670E-01,+5.00047210E+00,18.7485631284
2.64,2.36,0.0279842134565,+2.79840450E-01,+5.00047210E+00,24.7491322886
2.68,2.32,0.0359794788063,+3.59789790E-01,+5.00047580E+00,34.9185662369
2.72,2.28,0.043990028277,+4.39894690E-01,+5.00047080E+00,41.7349451132
2.76,2.24,0.0519858419895,+5.19848680E-01,+5.00047580E+00,52.9712767082
2.8,2.2,0.059980878979,+5.99796490E-01,+5.00047210E+00,61.7359839259
2.84,2.16,0.0679753120989,+6.79741760E-01,+5.00047210E+00,67.3861884756
2.88,2.12,0.0759853497148,+7.59846260E-01,+5.00047710E+00,70.6240586408
2.92,2.08,0.0839821416885,+8.39814670E-01,+5.00047330E+00,76.1664558677
2.96,2.04,0.0919767603278,+9.19755100E-01,+5.00047840E+00,89.4693464442
3.0,2.0,0.0999787006527,+9.99775640E-01,+5.00047460E+00,94.2687827519
experiment 4: +/-1V sweep, VCM = 4.5V
neg,pos,LTC2498,inmeter, refmeter, error (uV)
4.0,5.0,-0.100013563409,-1.00012540E+00,+5.00047580E+00,-93.405287884
4.04,4.96,-0.0920096840709,-9.20085460E-01,+5.00047580E+00,-87.8958836734
4.08,4.92,-0.0840149998665,-8.40135620E-01,+5.00047210E+00,-83.6237630264
4.12,4.88,-0.0760191425681,-7.60181540E-01,+5.00046950E+00,-72.1453050606
4.16,4.84,-0.0680094443262,-6.80083180E-01,+5.00047330E+00,-67.4798139549
4.2,4.8,-0.0600142747164,-6.00133770E-01,+5.00047580E+00,-58.8849830669
4.24,4.76,-0.0520184952766,-5.20176720E-01,+5.00047330E+00,-51.2312123292
4.28,4.72,-0.0440233044326,-4.40227060E-01,+5.00046950E+00,-42.03938147
4.32,4.68,-0.0360131651163,-3.60127300E-01,+5.00047330E+00,-34.1196166072
4.36,4.64,-0.0280177656561,-2.80175820E-01,+5.00047330E+00,-24.9960238377
4.4,4.6,-0.0200220987201,-2.00221400E-01,+5.00047460E+00,-16.1895083708
4.44,4.56,-0.0120120920241,-1.20119070E-01,+5.00046950E+00,-11.688135743
4.48,4.52,-0.00401650443673,-4.01629740E-02,+5.00047710E+00,-5.42093173853
4.52,4.48,0.00397863127291,+3.97857030E-02,+5.00047460E+00,3.90880686819
4.56,4.44,0.0119746427983,+1.19746540E-01,+5.00047460E+00,9.81734691108
4.6,4.4,0.019985717535,+1.99853650E-01,+5.00047330E+00,20.0455283325
4.64,4.36,0.0279819373041,+2.79815770E-01,+5.00047330E+00,26.7328884057
4.68,4.32,0.0359770514071,+3.59766480E-01,+5.00047710E+00,34.0460952403
4.72,4.28,0.0439859651029,+4.39856800E-01,+5.00047210E+00,39.1042276639
4.76,4.24,0.0519815851003,+5.19808670E-01,+5.00047710E+00,50.5439949419
4.8,4.2,0.0599775779992,+5.99766190E-01,+5.00047330E+00,59.1674103864
4.84,4.16,0.067971945554,+6.79705110E-01,+5.00047080E+00,70.1912404069
4.88,4.12,0.0759825643152,+7.59811490E-01,+5.00047460E+00,77.1578312383
4.92,4.08,0.0839782956988,+8.39764680E-01,+5.00047330E+00,87.6933797345
4.96,4.04,0.0919737685472,+9.19718070E-01,+5.00047580E+00,96.1007786801
5.0,4.0,0.0999775033444,+9.99760050E-01,+5.00047460E+00,97.8847069254